Category,Risk,Institute,Program,Opening Rank,Closing Rank,Margin
SAFE,Tight,Indian Institute of Technology Guwahati,"Engineering Physics (4 Years, Bachelor of Technology)",4635,7117,+122
SAFE,Tight,Indian Institute of Technology Dharwad,"Computer Science and Engineering (4 Years, Bachelor of Technology)",4742,7208,+213
SAFE,Tight,Indian Institute of Technology (BHU) Varanasi,"Mechanical Engineering (4 Years, Bachelor of Technology)",4787,7286,+291
SAFE,Tight,Indian Institute of Technology Roorkee,"Metallurgical and Materials Engineering (4 Years, Bachelor of Technology)",6280,7341,+346
SAFE,Tight,Indian Institute of Technology Bhilai,"Computer Science and Engineering (4 Years, Bachelor of Technology)",4462,7382,+387
SAFE,Comfortable,Indian Institute of Technology Indore,"Mechanical Engineering (4 Years, Bachelor of Technology)",4522,7545,+550
SAFE,Comfortable,Indian Institute of Technology Mandi,"Electrical Engineering (4 Years, Bachelor of Technology)",5136,7590,+595
SAFE,Comfortable,Indian Institute of Technology (ISM) Dhanbad,"Electrical Engineering (4 Years, Bachelor of Technology)",5842,7603,+608
SAFE,Comfortable,Indian Institute of Technology Hyderabad,"Materials Science and Metallurgical Engineering (4 Years, Bachelor of Technology)",6084,7604,+609
SAFE,Comfortable,Indian Institute of Technology Kharagpur,"Metallurgical and Materials Engineering (4 Years, Bachelor of Technology)",5552,7708,+713
SAFE,Comfortable,Indian Institute of Technology Patna,"B.Tech. in Electronics and Communication Engineering and M.Tech. in Communication Systems (5 Years, Bachelor and Master of Technology (Dual Degree))",6305,7786,+791
SAFE,Comfortable,Indian Institute of Technology Goa,"Mathematics and Computing (4 Years, Bachelor of Technology)",5436,7932,+937
SAFE,Comfortable,Indian Institute of Technology Bhilai,"Data Science and Artificial Intelligence (4 Years, Bachelor of Technology)",7001,7934,+939
SAFE,Comfortable,Indian Institute of Technology Bhubaneswar,"Electrical Engineering (4 Years, Bachelor of Technology)",5974,8165,+1170
SAFE,Comfortable,Indian Institute of Technology Dharwad,"Mathematics and Computing (4 Years, Bachelor of Technology)",7381,8222,+1227
SAFE,Comfortable,Indian Institute of Technology Indore,"Engineering Physics (4 Years, Bachelor of Technology)",5236,8299,+1304
SAFE,Comfortable,Indian Institute of Technology Bombay,"Applied Geophysics (4 Years, Bachelor of Science)",6087,8343,+1348
SAFE,Comfortable,Indian Institute of Technology (BHU) Varanasi,"Chemical Engineering (4 Years, Bachelor of Technology)",6239,8381,+1386
SAFE,Comfortable,Indian Institute of Technology (BHU) Varanasi,"Engineering Physics (4 Years, Bachelor of Technology)",5457,8441,+1446
SAFE,Comfortable,Indian Institute of Technology Jammu,"Mathematics and Computing (4 Years, Bachelor of Technology)",7000,8559,+1564
SAFE,Comfortable,Indian Institute of Technology Patna,"B.Tech (Electronics and Communication Engineering) - MBA in Hospital and Healthcare Management (IIM Bodh Gaya) (5 Years, Bachelor of Technology and MBA (Dual Degree))",7880,8739,+1744
SAFE,Comfortable,Indian Institute of Technology Indore,"Chemical Engineering (4 Years, Bachelor of Technology)",7246,8824,+1829
SAFE,Very Safe,Indian Institute of Technology Ropar,"Mechanical Engineering (4 Years, Bachelor of Technology)",7135,9115,+2120
SAFE,Very Safe,Indian Institute of Technology Kharagpur,"Biotechnology and Biochemical Engineering (4 Years, Bachelor of Technology)",6774,9224,+2229
SAFE,Very Safe,Indian Institute of Technology Gandhinagar,"Chemical Engineering (4 Years, Bachelor of Technology)",6852,9276,+2281
SAFE,Very Safe,Indian Institute of Technology Tirupati,"Electrical Engineering (4 Years, Bachelor of Technology)",5098,9468,+2473
SAFE,Very Safe,Indian Institute of Technology Dharwad,"Electronics and Communication Engineering (4 Years, Bachelor of Technology)",7720,9476,+2481
SAFE,Very Safe,Indian Institute of Technology Jodhpur,"Mechanical Engineering (4 Years, Bachelor of Technology)",7550,9569,+2574
SAFE,Very Safe,Indian Institute of Technology Ropar,"Engineering Physics (4 Years, Bachelor of Technology)",7857,9576,+2581
SAFE,Very Safe,Indian Institute of Technology Bhilai,"Electronics and Communication Engineering (4 Years, Bachelor of Technology)",7464,9668,+2673
SAFE,Very Safe,Indian Institute of Technology Patna,"B.Tech (Mechanical Engineering) - MBA (IIM Mumbai) (5 Years, Bachelor of Technology and MBA (Dual Degree))",9062,9708,+2713
SAFE,Very Safe,Indian Institute of Technology Goa,"Electrical Engineering (4 Years, Bachelor of Technology)",8410,10095,+3100
SAFE,Very Safe,Indian Institute of Technology Roorkee,"Physics (5 Years, Bachelor of Science and Master of Science (Dual Degree))",4489,10171,+3176
SAFE,Very Safe,Indian Institute of Technology Mandi,"Mechanical Engineering (4 Years, Bachelor of Technology)",8023,10267,+3272
SAFE,Very Safe,Indian Institute of Technology (ISM) Dhanbad,"Mechanical Engineering (4 Years, Bachelor of Technology)",7662,10273,+3278
SAFE,Very Safe,Indian Institute of Technology Palakkad,"Electrical Engineering (4 Years, Bachelor of Technology)",8020,10396,+3401
SAFE,Very Safe,Indian Institute of Technology Ropar,"Chemical Engineering (4 Years, Bachelor of Technology)",8901,10655,+3660
SAFE,Very Safe,Indian Institute of Technology Kharagpur,"Physics (4 Years, Bachelor of Science)",7367,10939,+3944
SAFE,Very Safe,Indian Institute of Technology Roorkee,"Chemical Sciences (5 Years, Bachelor of Science and Master of Science (Dual Degree))",9374,11130,+4135
SAFE,Very Safe,Indian Institute of Technology Indore,"Metallurgical Engineering and Materials Science (4 Years, Bachelor of Technology)",8439,11274,+4279
SAFE,Very Safe,Indian Institute of Technology (BHU) Varanasi,"Metallurgical Engineering (4 Years, Bachelor of Technology)",8214,11398,+4403
SAFE,Very Safe,Indian Institute of Technology Jammu,"Electrical Engineering (4 Years, Bachelor of Technology)",9759,11399,+4404
SAFE,Very Safe,Indian Institute of Technology Bhilai,"Electrical Engineering (4 Years, Bachelor of Technology)",9645,11592,+4597
SAFE,Very Safe,Indian Institute of Technology Jodhpur,"Chemical Engineering (4 Years, Bachelor of Technology)",9595,11626,+4631
SAFE,Very Safe,Indian Institute of Technology Bhubaneswar,"Mechanical Engineering (4 Years, Bachelor of Technology)",7759,11678,+4683
SAFE,Very Safe,Indian Institute of Technology (ISM) Dhanbad,"Engineering Physics (4 Years, Bachelor of Technology)",8484,11711,+4716
SAFE,Very Safe,Indian Institute of Technology Patna,"Mechanical Engineering (4 Years, Bachelor of Technology)",8588,11758,+4763
SAFE,Very Safe,Indian Institute of Technology (ISM) Dhanbad,"Chemical Engineering (4 Years, Bachelor of Technology)",9636,11980,+4985
SAFE,Very Safe,Indian Institute of Technology Mandi,"Engineering Physics (4 Years, Bachelor of Technology)",8831,12110,+5115
SAFE,Very Safe,Indian Institute of Technology Tirupati,"Mechanical Engineering (4 Years, Bachelor of Technology)",9551,12143,+5148
SAFE,Very Safe,Indian Institute of Technology Kharagpur,"Exploration Geophysics (4 Years, Bachelor of Science)",11359,12443,+5448
SAFE,Very Safe,Indian Institute of Technology Bhubaneswar,"Engineering Physics (4 Years, Bachelor of Technology)",9525,12466,+5471
SAFE,Very Safe,Indian Institute of Technology Palakkad,"Mechanical Engineering (4 Years, Bachelor of Technology)",8596,12606,+5611
SAFE,Very Safe,Indian Institute of Technology Tirupati,"Engineering Physics (4 Years, Bachelor of Technology)",10165,12915,+5920
SAFE,Very Safe,Indian Institute of Technology Patna,"Engineering Physics (4 Years, Bachelor of Technology)",11060,12986,+5991
SAFE,Very Safe,Indian Institute of Technology Patna,"B.Tech (Engineering Physics) - MBA (IIM Bodh Gaya) (5 Years, Bachelor of Technology and MBA (Dual Degree))",12992,12995,+6000
SAFE,Very Safe,Indian Institute of Technology (BHU) Varanasi,"Biochemical Engineering (4 Years, Bachelor of Technology)",11390,13255,+6260
SAFE,Very Safe,Indian Institute of Technology Goa,"Mechanical Engineering (4 Years, Bachelor of Technology)",9914,13451,+6456
SAFE,Very Safe,Indian Institute of Technology Patna,"Chemical Engineering (4 Years, Bachelor of Technology)",11304,13715,+6720
SAFE,Very Safe,Indian Institute of Technology Ropar,"Metallurgical and Materials Engineering (4 Years, Bachelor of Technology)",10832,13777,+6782
SAFE,Very Safe,Indian Institute of Technology Jammu,"Mechanical Engineering (4 Years, Bachelor of Technology)",11301,14453,+7458
SAFE,Very Safe,Indian Institute of Technology Bhilai,"Mechanical Engineering (4 Years, Bachelor of Technology)",11516,14788,+7793
SAFE,Very Safe,Indian Institute of Technology Dharwad,"Mechanical Engineering (4 Years, Bachelor of Technology)",11721,14852,+7857
SAFE,Very Safe,Indian Institute of Technology (ISM) Dhanbad,"Mineral and Metallurgical Engineering (4 Years, Bachelor of Technology)",11781,14875,+7880
SAFE,Very Safe,Indian Institute of Technology Patna,"B.Tech (Chemical Engineering) - MBA in Hospital and Health Care Management (IIM Bodh Gaya) (5 Years, Bachelor of Technology and MBA (Dual Degree))",14749,15010,+8015
SAFE,Very Safe,Indian Institute of Technology Dharwad,"Engineering Physics (4 Years, Bachelor of Technology)",13180,15353,+8358
SAFE,Very Safe,Indian Institute of Technology Tirupati,"Chemical Engineering (4 Years, Bachelor of Technology)",12799,15636,+8641
SAFE,Very Safe,Indian Institute of Technology Jammu,"Engineering Physics (4 Years, Bachelor of Technology)",13029,15917,+8922
SAFE,Very Safe,Indian Institute of Technology Patna,"B.Tech (Metallurgical and Materials Engineering) - MBA (IIM Bodh Gaya) (5 Years, Bachelor of Technology and MBA (Dual Degree))",15577,16042,+9047
SAFE,Very Safe,Indian Institute of Technology Bhubaneswar,"Metallurgical and Materials Engineering (4 Years, Bachelor of Technology)",11591,16268,+9273
SAFE,Very Safe,Indian Institute of Technology Jammu,"Chemical Engineering (4 Years, Bachelor of Technology)",13386,16284,+9289
SAFE,Very Safe,Indian Institute of Technology Patna,"Metallurgical and Materials Engineering (4 Years, Bachelor of Technology)",13771,16510,+9515
SAFE,Very Safe,Indian Institute of Technology Dharwad,"Chemical and Biochemical Engineering (4 Years, Bachelor of Technology)",14722,16680,+9685
SAFE,Very Safe,Indian Institute of Technology Bhilai,"Materials Science and Metallurgical Engineering (4 Years, Bachelor of Technology)",14920,17478,+10483
SAFE,Very Safe,Indian Institute of Technology Mandi,"BS in Chemical Sciences (4 Years, Bachelor of Science)",13425,17491,+10496
SAFE,Very Safe,Indian Institute of Technology (ISM) Dhanbad,"Applied Geophysics (5 Years, Integrated Master of Technology)",16223,17507,+10512
BORDERLINE,Risky,Indian Institute of Technology Gandhinagar,"Mechanical Engineering (4 Years, Bachelor of Technology)",4409,6904,-91
BORDERLINE,Risky,Indian Institute of Technology Jodhpur,"Electrical Engineering (4 Years, Bachelor of Technology)",5270,6824,-171
BORDERLINE,Risky,Indian Institute of Technology Jammu,"Computer Science and Engineering (4 Years, Bachelor of Technology)",4704,6651,-344
BORDERLINE,Risky,Indian Institute of Technology Guwahati,"Energy Engineering (4 Years, Bachelor of Technology)",5870,6610,-385
BORDERLINE,Risky,Indian Institute of Technology Palakkad,"Computer Science and Engineering (4 Years, Bachelor of Technology)",4530,6454,-541
BORDERLINE,Risky,Indian Institute of Technology Ropar,"Electrical Engineering (4 Years, Bachelor of Technology)",3940,6311,-684
BORDERLINE,Risky,Indian Institute of Technology Goa,"Computer Science and Engineering (4 Years, Bachelor of Technology)",4256,6242,-753
BORDERLINE,Risky,Indian Institute of Technology Patna,"Electronics and Communication Engineering (4 Years, Bachelor of Technology)",4803,6167,-828
BORDERLINE,Risky,Indian Institute of Technology Guwahati,"Chemical Engineering (4 Years, Bachelor of Technology)",4289,6053,-942
BORDERLINE,Risky,Indian Institute of Technology Bhubaneswar,"Electronics and Communication Engineering (4 Years, Bachelor of Technology)",3873,5885,-1110
BORDERLINE,Risky,Indian Institute of Technology (ISM) Dhanbad,"Electronics and Communication Engineering (4 Years, Bachelor of Technology)",2795,5839,-1156
BORDERLINE,Risky,Indian Institute of Technology Roorkee,"Production and Industrial Engineering (4 Years, Bachelor of Technology)",4510,5820,-1175
BORDERLINE,Risky,Indian Institute of Technology Hyderabad,"Chemical Engineering (4 Years, Bachelor of Technology)",4432,5756,-1239
BORDERLINE,Risky,Indian Institute of Technology Delhi,"Abu Dhabi Campus - Chemical Engineering (4 Years, Bachelor of Technology)",5200,5712,-1283
BORDERLINE,Risky,Indian Institute of Technology Kanpur,"Physics (4 Years, Bachelor of Science)",3255,5691,-1304
BORDERLINE,Risky,Indian Institute of Technology Delhi,"Abu Dhabi Campus - Energy Engineering (4 Years, Bachelor of Technology)",4661,5590,-1405
BORDERLINE,Risky,Indian Institute of Technology Ropar,"Electrical Engineering (Integrated Circuit Design and Technology) (4 Years, Bachelor of Technology)",4759,5527,-1468
BORDERLINE,Risky,Indian Institute of Technology Madras,"Metallurgical and Materials Engineering (4 Years, Bachelor of Technology)",4369,5499,-1496
BORDERLINE,Risky,Indian Institute of Technology Patna,"B. Tech. (Mathematics & Computing) M. Tech. in (Mathematics & Computing) (5 Years, B.Tech. + M.Tech./MS (Dual Degree))",5073,5266,-1729
BORDERLINE,Risky,Indian Institute of Technology Kharagpur,"Chemical Engineering (4 Years, Bachelor of Technology)",4379,5222,-1773
BORDERLINE,Risky,Indian Institute of Technology Patna,"B.Tech (Mathematics and Computing) - MBA in Digital Business Management (IIM Bodh Gaya) (5 Years, Bachelor of Technology and MBA (Dual Degree))",5020,5192,-1803
BORDERLINE,Risky,Indian Institute of Technology Tirupati,"Computer Science and Engineering (4 Years, Bachelor of Technology)",1916,5034,-1961
BORDERLINE,Risky,Indian Institute of Technology Delhi,"Biotechnology and Biochemical Engineering (4 Years, Bachelor of Technology)",3147,4999,-1996
BORDERLINE,Risky,Indian Institute of Technology Guwahati,"Mechanical Engineering (4 Years, Bachelor of Technology)",3984,4892,-2103
BORDERLINE,Risky,Indian Institute of Technology Patna,"Mathematics and Computing (4 Years, Bachelor of Technology)",3854,4851,-2144
BORDERLINE,Risky,Indian Institute of Technology Roorkee,"Chemical Engineering (4 Years, Bachelor of Technology)",3428,4816,-2179
BORDERLINE,Risky,Indian Institute of Technology Roorkee,"Energy Engineering (4 Years, Bachelor of Technology)",3321,4761,-2234
BORDERLINE,Risky,Indian Institute of Technology Bhubaneswar,"Mathematics and Computing (4 Years, Bachelor of Technology)",4174,4708,-2287
BORDERLINE,Risky,Indian Institute of Technology Hyderabad,"Engineering Physics (4 Years, Bachelor of Technology)",3332,4686,-2309
BORDERLINE,Risky,Indian Institute of Technology Roorkee,"Engineering Physics (4 Years, Bachelor of Technology)",2633,4544,-2451
BORDERLINE,Risky,Indian Institute of Technology Hyderabad,"Mechanical Engineering (4 Years, Bachelor of Technology)",2837,4443,-2552
BORDERLINE,Risky,Indian Institute of Technology Bombay,"Metallurgical Engineering and Materials Science (4 Years, Bachelor of Technology)",2712,4345,-2650
BORDERLINE,Risky,Indian Institute of Technology (ISM) Dhanbad,"Mathematics and Computing (4 Years, Bachelor of Technology)",2297,4335,-2660
BORDERLINE,Risky,Indian Institute of Technology Patna,"B.Tech (Computer Science and Engineering) - MBA in Digital Business Management (IIM Bodh Gaya) (5 Years, Bachelor of Technology and MBA (Dual Degree))",4297,4297,-2698
BORDERLINE,Risky,Indian Institute of Technology Mandi,"B.Tech in Mathematics and Computing (4 Years, Bachelor of Technology)",3945,4285,-2710
BORDERLINE,Risky,Indian Institute of Technology Kanpur,"Chemical Engineering (4 Years, Bachelor of Technology)",2785,4280,-2715
BORDERLINE,Risky,Indian Institute of Technology Bhubaneswar,"Computer Science and Engineering (4 Years, Bachelor of Technology)",2344,4162,-2833
BORDERLINE,Risky,Indian Institute of Technology Madras,"Chemical Engineering (4 Years, Bachelor of Technology)",2634,4116,-2879
BORDERLINE,Risky,Indian Institute of Technology Kharagpur,"Mechanical Engineering (4 Years, Bachelor of Technology)",2773,4016,-2979
BORDERLINE,Risky,Indian Institute of Technology Ropar,"Mathematics and Computing (4 Years, Bachelor of Technology)",2122,3954,-3041
BORDERLINE,Risky,Indian Institute of Technology Gandhinagar,"Electrical Engineering (4 Years, Bachelor of Technology)",2282,3931,-3064
BORDERLINE,Risky,Indian Institute of Technology Mandi,"Data Science and Artificial Intelligence (4 Years, Bachelor of Technology)",3221,3928,-3067
BORDERLINE,Risky,Indian Institute of Technology Roorkee,"Mechanical Engineering (4 Years, Bachelor of Technology)",2155,3897,-3098
BORDERLINE,Risky,Indian Institute of Technology Madras,"Physics (4 Years, Bachelor of Science)",1642,3804,-3191
BORDERLINE,Risky,Indian Institute of Technology Indore,"Electrical Engineering (4 Years, Bachelor of Technology)",2390,3723,-3272
BORDERLINE,Risky,Indian Institute of Technology (ISM) Dhanbad,"Computer Science and Engineering (4 Years, Bachelor of Technology)",2143,3585,-3410
BORDERLINE,Risky,Indian Institute of Technology (BHU) Varanasi,"Electrical Engineering (4 Years, Bachelor of Technology)",2343,3537,-3458
BORDERLINE,Risky,Indian Institute of Technology Delhi,"Chemical Engineering (5 Years, Bachelor and Master of Technology (Dual Degree))",2581,3454,-3541
BORDERLINE,Risky,Indian Institute of Technology Patna,"Computer Science and Engineering (4 Years, Bachelor of Technology)",1954,3377,-3618
BORDERLINE,Risky,Indian Institute of Technology Delhi,"Production and Industrial Engineering (4 Years, Bachelor of Technology)",1988,3223,-3772
BORDERLINE,Risky,Indian Institute of Technology Mandi,"Computer Science and Engineering (4 Years, Bachelor of Technology)",2096,3123,-3872
BORDERLINE,Risky,Indian Institute of Technology Jodhpur,"Computer Science and Engineering (4 Years, Bachelor of Technology)",2269,2918,-4077
BORDERLINE,Risky,Indian Institute of Technology Kanpur,"Mechanical Engineering (4 Years, Bachelor of Technology)",1589,2771,-4224
BORDERLINE,Risky,Indian Institute of Technology Delhi,"Energy Engineering (4 Years, Bachelor of Technology)",1868,2668,-4327
BORDERLINE,Risky,Indian Institute of Technology Bombay,"Energy Engineering (4 Years, Bachelor of Technology)",1810,2584,-4411
BORDERLINE,Risky,Indian Institute of Technology Delhi,"Engineering Physics (4 Years, Bachelor of Technology)",1393,2565,-4430
BORDERLINE,Risky,Indian Institute of Technology Delhi,"Chemical Engineering (4 Years, Bachelor of Technology)",1904,2548,-4447
BORDERLINE,Risky,Indian Institute of Technology Ropar,"Computer Science and Engineering (4 Years, Bachelor of Technology)",1680,2512,-4483
BORDERLINE,Risky,Indian Institute of Technology Madras,"Mechanical Engineering (4 Years, Bachelor of Technology)",868,2468,-4527
BORDERLINE,Risky,Indian Institute of Technology Bombay,"Chemical Engineering (4 Years, Bachelor of Technology)",601,2464,-4531
BORDERLINE,Risky,Indian Institute of Technology Guwahati,"Electronics and Electrical Engineering (4 Years, Bachelor of Technology)",1934,2195,-4800
BORDERLINE,Risky,Indian Institute of Technology Indore,"Mathematics and Computing (4 Years, Bachelor of Technology)",1751,2099,-4896
BORDERLINE,Risky,Indian Institute of Technology Roorkee,"Electrical Engineering (4 Years, Bachelor of Technology)",1254,2091,-4904
BORDERLINE,Risky,Indian Institute of Technology Gandhinagar,"Computer Science and Engineering (4 Years, Bachelor of Technology)",905,2020,-4975
BORDERLINE,Risky,Indian Institute of Technology Kharagpur,"Electrical Engineering (4 Years, Bachelor of Technology)",1492,1985,-5010
BORDERLINE,Risky,Indian Institute of Technology (BHU) Varanasi,"Mathematics and Computing (4 Years, Bachelor of Technology)",1481,1924,-5071
BORDERLINE,Risky,Indian Institute of Technology Hyderabad,"Electrical Engineering (4 Years, Bachelor of Technology)",848,1900,-5095
BORDERLINE,Risky,Indian Institute of Technology Hyderabad,"Electrical Engineering (IC Design and Technology) (4 Years, Bachelor of Technology)",1644,1895,-5100
BORDERLINE,Risky,Indian Institute of Technology Delhi,"Mechanical Engineering (4 Years, Bachelor of Technology)",1156,1862,-5133
BORDERLINE,Risky,Indian Institute of Technology Bombay,"Mechanical Engineering (4 Years, Bachelor of Technology)",490,1834,-5161
BORDERLINE,Risky,Indian Institute of Technology Guwahati,"Electronics and Communication Engineering (4 Years, Bachelor of Technology)",1497,1829,-5166
BORDERLINE,Risky,Indian Institute of Technology Indore,"Computer Science and Engineering (4 Years, Bachelor of Technology)",952,1775,-5220
BORDERLINE,Risky,Indian Institute of Technology Delhi,"Abu Dhabi Campus - Computer Science and Engineering (4 Years, Bachelor of Technology)",1291,1761,-5234
BORDERLINE,Risky,Indian Institute of Technology Bombay,"Engineering Physics (4 Years, Bachelor of Technology)",122,1539,-5456
BORDERLINE,Risky,Indian Institute of Technology Roorkee,"Mathematics & Computing (5 Years, Bachelor of Science and Master of Science (Dual Degree))",1158,1513,-5482
BORDERLINE,Risky,Indian Institute of Technology (BHU) Varanasi,"Computer Science and Engineering (4 Years, Bachelor of Technology)",747,1489,-5506
BORDERLINE,Risky,Indian Institute of Technology Roorkee,"Electronics and Communication Engineering (4 Years, Bachelor of Technology)",1048,1486,-5509
BORDERLINE,Risky,Indian Institute of Technology Madras,"Engineering Physics (4 Years, Bachelor of Technology)",872,1441,-5554
BORDERLINE,Risky,Indian Institute of Technology Kharagpur,"Mathematics and Computing (4 Years, Bachelor of Science)",519,1336,-5659
BORDERLINE,Risky,Indian Institute of Technology Guwahati,"Mathematics and Computing (4 Years, Bachelor of Technology)",899,1276,-5719
BORDERLINE,Risky,Indian Institute of Technology Kanpur,"Electrical Engineering (4 Years, Bachelor of Technology)",798,1146,-5849
BORDERLINE,Risky,Indian Institute of Technology Guwahati,"Data Science and Artificial Intelligence (4 Years, Bachelor of Technology)",873,1078,-5917
BORDERLINE,Risky,Indian Institute of Technology Hyderabad,"Mathematics and Computing (4 Years, Bachelor of Technology)",771,1015,-5980
BORDERLINE,Risky,Indian Institute of Technology Madras,"Electrical Engineering (4 Years, Bachelor of Technology)",205,849,-6146
BORDERLINE,Risky,Indian Institute of Technology Roorkee,"Data Science and Artificial Intelligence (4 Years, Bachelor of Technology)",564,845,-6150
BORDERLINE,Risky,Indian Institute of Technology Bombay,"Electrical Engineering (5 Years, Bachelor and Master of Technology (Dual Degree))",470,841,-6154
BORDERLINE,Risky,Indian Institute of Technology Delhi,"Electrical Engineering (Power and Automation) (4 Years, Bachelor of Technology)",612,823,-6172
BORDERLINE,Risky,Indian Institute of Technology Guwahati,"Computer Science and Engineering (4 Years, Bachelor of Technology)",504,792,-6203
BORDERLINE,Risky,Indian Institute of Technology Hyderabad,"Computer Science and Engineering (4 Years, Bachelor of Technology)",339,673,-6322
BORDERLINE,Risky,Indian Institute of Technology Delhi,"Electrical Engineering (4 Years, Bachelor of Technology)",365,605,-6390
BORDERLINE,Risky,Indian Institute of Technology Roorkee,"Computer Science and Engineering (4 Years, Bachelor of Technology)",275,592,-6403
BORDERLINE,Risky,Indian Institute of Technology Kharagpur,"Computer Science and Engineering (4 Years, Bachelor of Technology)",238,466,-6529
BORDERLINE,Risky,Indian Institute of Technology Bombay,"Electrical Engineering (4 Years, Bachelor of Technology)",106,433,-6562
BORDERLINE,Risky,Indian Institute of Technology Delhi,"Mathematics and Computing (5 Years, Bachelor and Master of Technology (Dual Degree))",325,355,-6640
BORDERLINE,Risky,Indian Institute of Technology Delhi,"Mathematics and Computing (4 Years, Bachelor of Technology)",157,323,-6672
BORDERLINE,Risky,Indian Institute of Technology Kanpur,"Computer Science and Engineering (4 Years, Bachelor of Technology)",147,271,-6724
BORDERLINE,Risky,Indian Institute of Technology Delhi,"Computer Science and Engineering (5 Years, Bachelor and Master of Technology (Dual Degree))",134,186,-6809
BORDERLINE,Risky,Indian Institute of Technology Madras,"Computer Science and Engineering (4 Years, Bachelor of Technology)",79,171,-6824
BORDERLINE,Risky,Indian Institute of Technology Delhi,"Computer Science and Engineering (4 Years, Bachelor of Technology)",24,126,-6869
BORDERLINE,Risky,Indian Institute of Technology Bombay,"Computer Science and Engineering (4 Years, Bachelor of Technology)",1,66,-6929
